<?xml version="1.0"?>
<dpInst>
	<language code="0x0409">
		<dpinstTitle>Roboteq Virtual COM Port Driver Installer</dpinstTitle>

		<welcomeTitle>Welcome to the Roboteq Virtual COM port driver Installer!</welcomeTitle>
		<welcomeIntro>This wizard will walk you through updating the drivers for your Virtual COM port driver.</welcomeIntro>

		<installHeaderTitle>Installing the software for your Virtual COM port driver...</installHeaderTitle>

		<finishTitle>Congratulations! You are finished installing your Virtual COM port driver.</finishTitle>
		<finishText>Enjoy using the Virtual COM port device.</finishText>
	</language>	
    <enableNotListedLanguages/> 
    <legacyMode/>
    <deleteBinaries/>
    <forceIfDriverIsNotBetter/>
    <suppressAddRemovePrograms/>
    <quietInstallStrict/>
</dpInst>
